rider_id,name,email,phone,city,created_at
1,Yash Chatterjee,yash.chatterjee990@gmail.com,9438078514,Delhi,2024-03-06 12:52:26
2,Kavya Chatterjee,kavya.chatterjee44@gmail.com,9211357795,Ahmedabad,2025-09-23 11:57:10
3,Ananya Gupta,ananya.gupta586@gmail.com,9539768271,Ahmedabad,2024-04-14 21:21:15
4,Harsh Kulkarni,harsh.kulkarni325@gmail.com,9839876737,Ahmedabad,2025-05-03 03:56:44
5,Vivaan Chatterjee,vivaan.chatterjee248@gmail.com,9412482685,Bengaluru,2025-02-23 07:53:36
6,Varun Menon,varun.menon713@gmail.com,9711183580,Mumbai,2024-01-02 00:02:31
7,Sai Das,sai.das998@gmail.com,9192369323,Mumbai,2025-07-23 21:00:05
8,Aditya Bose,aditya.bose446@gmail.com,9608072514,Chennai,2024-12-13 15:25:27
9,Rahul Gupta,rahul.gupta820@gmail.com,9788657076,Ahmedabad,2025-09-04 20:24:22
10,Arjun Agarwal,arjun.agarwal622@gmail.com,9143614095,Bengaluru,2024-12-22 00:32:30
11,Ira Kapoor,ira.kapoor383@gmail.com,9566150393,Bengaluru,2025-11-03 06:12:08
12,Vivaan Singh,vivaan.singh181@gmail.com,9860209150,Mumbai,2024-12-10 10:40:28
13,Vivaan Iyer,vivaan.iyer489@gmail.com,9902751284,Bengaluru,2024-09-25 18:42:21
14,Sanya Reddy,sanya.reddy913@gmail.com,9496167380,Bengaluru,2025-06-02 04:01:53
15,Karthik Gupta,karthik.gupta426@gmail.com,9569641506,Kolkata,2025-12-20 20:56:20
16,Sai Kulkarni,sai.kulkarni278@gmail.com,9504619051,Kolkata,2025-01-17 00:12:12
17,Ira Singh,ira.singh670@gmail.com,9573925112,Ahmedabad,2025-06-07 01:27:11
18,Krishna Kapoor,krishna.kapoor456@gmail.com,9838593074,Bengaluru,2024-03-30 03:00:12
19,Meera Joshi,meera.joshi751@gmail.com,9551063675,Pune,2024-04-22 09:25:47
20,Karthik Chatterjee,karthik.chatterjee485@gmail.com,9158248006,Mumbai,2025-08-07 21:01:36
21,Sanya Yadav,sanya.yadav349@gmail.com,9122385870,Mumbai,2025-11-13 08:06:07
22,Vivaan Patel,vivaan.patel689@gmail.com,9030535468,Ahmedabad,2024-06-24 22:45:22
23,Meera Gupta,meera.gupta787@gmail.com,9339261097,Bengaluru,2024-12-12 11:05:27
24,Ananya Gupta,ananya.gupta214@gmail.com,9651946935,Pune,2025-09-20 15:53:16
25,Arjun Reddy,arjun.reddy628@gmail.com,9850071161,Chennai,2025-02-24 17:54:17
26,Ishaan Iyer,ishaan.iyer502@gmail.com,9705116861,Hyderabad,2024-05-07 12:39:02
27,Madhav Khan,madhav.khan24@gmail.com,9189891092,Mumbai,2024-12-17 19:53:25
28,Karthik Gupta,karthik.gupta204@gmail.com,9124570280,Kolkata,2025-05-06 21:19:33
29,Karthik Shetty,karthik.shetty595@gmail.com,9478574651,Delhi,2025-07-26 16:56:27
30,Meera Menon,meera.menon517@gmail.com,9540584244,Delhi,2025-10-10 17:51:15
31,Nikhil Nair,nikhil.nair300@gmail.com,9199776953,Hyderabad,2024-01-09 08:17:00
32,Diya Bose,diya.bose546@gmail.com,9614493662,Pune,2025-06-22 05:11:48
33,Sanya Bose,sanya.bose199@gmail.com,9143723112,Pune,2025-11-26 02:53:30
34,Ira Kulkarni,ira.kulkarni19@gmail.com,9885162932,Mumbai,2025-06-10 22:54:34
35,Tanvi Sharma,tanvi.sharma847@gmail.com,9665808924,Chennai,2025-08-28 21:00:06
36,Sanya Singh,sanya.singh356@gmail.com,9463411194,Pune,2024-09-12 05:50:20
37,Aarav Kapoor,aarav.kapoor177@gmail.com,9365834371,Mumbai,2025-11-06 17:29:16
38,Arjun Mishra,arjun.mishra582@gmail.com,9333486375,Bengaluru,2025-02-18 12:27:59
39,Arjun Bose,arjun.bose199@gmail.com,9363307127,Mumbai,2025-01-19 19:07:09
40,Kavya Khan,kavya.khan453@gmail.com,9710384792,Kolkata,2024-06-13 14:36:24
41,Tanvi Agarwal,tanvi.agarwal266@gmail.com,9062906182,Chennai,2025-05-02 05:00:50
42,Pooja Bose,pooja.bose571@gmail.com,9018812336,Delhi,2025-11-24 17:31:20
43,Ishaan Das,ishaan.das398@gmail.com,9721081003,Kolkata,2025-07-14 16:19:46
44,Rahul Reddy,rahul.reddy731@gmail.com,9244393910,Kolkata,2024-11-14 04:51:39
45,Meera Das,meera.das414@gmail.com,9241480746,Mumbai,2024-01-28 20:35:43
46,Krishna Shetty,krishna.shetty448@gmail.com,9935830122,Ahmedabad,2025-04-30 05:00:53
47,Karthik Chatterjee,karthik.chatterjee854@gmail.com,9022468468,Hyderabad,2024-01-25 10:00:32
48,Ritika Sharma,ritika.sharma230@gmail.com,9220201838,Ahmedabad,2024-12-08 11:40:40
49,Swathi Kulkarni,swathi.kulkarni546@gmail.com,9256507384,Ahmedabad,2025-04-27 12:24:02
50,Yash Chatterjee,yash.chatterjee445@gmail.com,9938798540,Hyderabad,2025-04-21 17:45:02
51,Meera Joshi,meera.joshi921@gmail.com,9061908853,Mumbai,2024-07-21 04:32:52
52,Priya Reddy,priya.reddy383@gmail.com,9389376413,Bengaluru,2024-07-12 00:13:42
53,Arjun Mishra,arjun.mishra196@gmail.com,9386604556,Bengaluru,2025-02-08 13:45:21
54,Sneha Shetty,sneha.shetty40@gmail.com,9687598173,Delhi,2024-08-03 18:40:49
55,Swathi Gupta,swathi.gupta331@gmail.com,9213418413,Delhi,2025-05-31 00:40:03
56,Ira Menon,ira.menon871@gmail.com,9257632642,Kolkata,2025-02-12 08:35:55
57,Varun Kulkarni,varun.kulkarni108@gmail.com,9744341825,Bengaluru,2024-12-23 11:01:26
58,Ritika Joshi,ritika.joshi357@gmail.com,9761984270,Mumbai,2025-11-19 16:10:19
59,Pooja Joshi,pooja.joshi966@gmail.com,9785593253,Ahmedabad,2025-09-17 00:47:36
60,Aadhya Reddy,aadhya.reddy423@gmail.com,9597776844,Pune,2024-11-12 00:29:16
61,Harsh Kapoor,harsh.kapoor864@gmail.com,9017856280,Kolkata,2024-07-10 18:56:40
62,Karthik Menon,karthik.menon329@gmail.com,9081149009,Kolkata,2025-11-11 17:34:53
63,Aadhya Patel,aadhya.patel337@gmail.com,9346162848,Mumbai,2024-05-08 05:47:42
64,Ritika Nair,ritika.nair82@gmail.com,9477450423,Pune,2024-10-09 22:52:37
65,Nikhil Gupta,nikhil.gupta671@gmail.com,9231040349,Delhi,2025-04-18 13:22:32
66,Nikhil Verma,nikhil.verma465@gmail.com,9499723228,Chennai,2024-09-20 21:53:58
67,Ishaan Gupta,ishaan.gupta965@gmail.com,9508130868,Ahmedabad,2025-10-09 19:13:06
68,Meera Kulkarni,meera.kulkarni343@gmail.com,9444176002,Pune,2024-07-15 10:53:07
69,Ira Verma,ira.verma396@gmail.com,9855657071,Pune,2024-06-10 20:24:45
70,Ira Shetty,ira.shetty252@gmail.com,9433926410,Mumbai,2024-10-11 11:25:25
71,Nisha Verma,nisha.verma927@gmail.com,9412469345,Delhi,2025-10-15 07:38:58
72,Meera Nair,meera.nair993@gmail.com,9804749666,Ahmedabad,2024-01-26 03:40:13
73,Aadhya Kulkarni,aadhya.kulkarni312@gmail.com,9810523740,Hyderabad,2025-09-22 09:41:28
74,Kavya Chatterjee,kavya.chatterjee791@gmail.com,9516240418,Ahmedabad,2025-02-21 22:28:01
75,Kavya Bose,kavya.bose775@gmail.com,9616745524,Chennai,2024-06-22 10:53:15
76,Krishna Chatterjee,krishna.chatterjee466@gmail.com,9756159053,Pune,2025-10-29 16:14:37
77,Aditya Patel,aditya.patel908@gmail.com,9357209013,Delhi,2025-02-24 08:05:41
78,Sai Chatterjee,sai.chatterjee802@gmail.com,9797166496,Ahmedabad,2024-05-08 07:19:34
79,Rohan Kapoor,rohan.kapoor317@gmail.com,9906965067,Delhi,2024-04-09 21:17:23
80,Karthik Singh,karthik.singh932@gmail.com,9218337181,Hyderabad,2025-03-06 07:36:18
